{"cameraMode":{"drawMode":2,"name":"Shaded Wireframe","section":"Shading Mode"},"sceneLighting":true,"audioPlay":false,"sceneViewState":{"showFog":true,"showMaterialUpdate":false,"showSkybox":true,"showFlares":true,"showImageEffects":true,"showParticleSystems":true},"in2DMode":false,"pivot":{"x":-841.7074584960938,"y":-406.037353515625,"z":35.76776885986328},"rotation":{"x":-0.10781710594892502,"y":0.7752724885940552,"z":-0.1377228945493698,"w":-0.6069271564483643},"size":1264.09521484375,"orthographic":false}